Channel,Beta (Posterior Mean),Beta SD,Mean Spend,ROI Mean,ROI SD,ROI 3%,ROI 97%
spend_channel_1,0.015,0.014,1245.604807692308,1.6436616553280803,1.5340842116395417,-1.3631433994854214,4.650466710141582
spend_channel_2,0.021,0.018,343.6409615384615,8.340955604658935,7.149390518279087,-5.671849811168075,22.353761020485948
spend_channel_3,0.123,0.065,19507.177980769233,0.8606213297145734,0.4547998896865632,-0.030786454071090485,1.7520291135002373
spend_channel_4,0.111,0.074,6915.136730769231,2.1909055098359898,1.460603673223993,-0.6718776896830367,5.053688709355017
spend_channel_5,0.066,0.054,8575.611442307692,1.050461841120793,0.8594687790988307,-0.634096965912915,2.735020648154501
spend_channel_6,0.043,0.028,5063.699038461539,1.1590495711462072,0.754729953304507,-0.3202211373306265,2.638320279623041
spend_channel_7,0.132,0.087,27701.367403846154,0.6503904629034543,0.4286664414590948,-0.18979576235637163,1.49057668816328
